{"cameraMode":{"drawMode":0,"name":"Shaded","section":"Shading Mode"},"sceneLighting":true,"audioPlay":false,"sceneViewState":{"m_AlwaysRefresh":false,"showFog":true,"showSkybox":true,"showFlares":true,"showImageEffects":true,"showParticleSystems":true,"showVisualEffectGraphs":true,"m_FxEnabled":true},"in2DMode":false,"pivot":{"x":154.68707275390626,"y":8.853730201721192,"z":-73.32718658447266},"rotation":{"x":0.007094926200807095,"y":-0.9914754629135132,"z":0.11653624475002289,"w":0.0606207549571991},"size":15.664901733398438,"orthographic":false}