{"cameraMode":{"drawMode":0,"name":"Shaded","section":"Shading Mode"},"sceneLighting":true,"audioPlay":false,"sceneViewState":{"m_AlwaysRefresh":false,"showFog":true,"showSkybox":true,"showFlares":true,"showImageEffects":true,"showParticleSystems":true,"showVisualEffectGraphs":true,"m_FxEnabled":true},"in2DMode":false,"pivot":{"x":-26.383285522460939,"y":10.273820877075196,"z":-23.885997772216798},"rotation":{"x":-0.11283823102712631,"y":0.7834399938583374,"z":-0.14914807677268983,"w":-0.5929350256919861},"size":15.664901733398438,"orthographic":false}