{"cameraMode":{"drawMode":0,"name":"Shaded","section":"Shading Mode"},"sceneLighting":true,"audioPlay":false,"sceneViewState":{"m_AlwaysRefresh":false,"showFog":true,"showSkybox":true,"showFlares":true,"showImageEffects":true,"showParticleSystems":true,"showVisualEffectGraphs":true,"m_FxEnabled":true},"in2DMode":false,"pivot":{"x":1034.7781982421875,"y":140.0581817626953,"z":330.93646240234377},"rotation":{"x":0.30203357338905337,"y":0.3326643109321594,"z":-0.1134597659111023,"w":0.8861955404281616},"size":25.569408416748048,"orthographic":false}