{"cameraMode":{"drawMode":0,"name":"Shaded","section":"Shading Mode"},"sceneLighting":true,"audioPlay":false,"sceneViewState":{"m_AlwaysRefresh":false,"showFog":true,"showSkybox":true,"showFlares":true,"showImageEffects":true,"showParticleSystems":true,"showVisualEffectGraphs":true,"m_FxEnabled":true},"in2DMode":false,"pivot":{"x":18.354326248168947,"y":0.9747467041015625,"z":-27.58710479736328},"rotation":{"x":0.03129185736179352,"y":-0.9565893411636353,"z":0.2678443193435669,"w":0.11202848702669144},"size":72.68447875976563,"orthographic":false}